Input,Output
The runner set a new world record in the marathon,sports
The basketball team clinched the championship in overtime,sports
The scientist made a groundbreaking discovery,science
The chef prepared a delicious three-course meal,science
The teacher inspired her students to love learning,education
The musician's album reached the top of the charts,music
The author published a best-selling novel,literature
The firefighter bravely rescued a family from a burning building,public service
The astronaut took a spacewalk outside the International Space Station,space exploration
The artist's painting sold for a record price at auction,art
The doctor successfully performed a complex surgery,medicine
The engineer designed a cutting-edge technology,engineering
The environmentalist advocated for renewable energy,environmentalism
The actor received an award for his outstanding performance,entertainment
The journalist reported on the latest political developments,journalism
The entrepreneur started a successful tech company,business
The police officer apprehended a notorious criminal,law enforcement
The humanitarian organization provided aid to disaster victims,humanitarianism
The archaeologist uncovered ancient artifacts,archaeology
The pilot safely landed a plane in challenging weather,aviation
The gardener cultivated a beautiful botanical garden,horticulture
The referee made a controversial call during the game,sports officiating
The economist analyzed the country's financial data,economics
The filmmaker directed a critically acclaimed movie,filmmaking
The researcher conducted groundbreaking experiments,scientific research
The judge delivered a verdict in a high-profile case,law
The inventor patented a revolutionary gadget,innovation
The therapist helped a patient overcome their fears,psychology
The singer performed a moving ballad on stage,music
The professor lectured on a complex scientific theory,academia
The coach led his team to victory in the championship,sports coaching
The designer created a stunning fashion collection,fashion
The CEO announced record-breaking profits for the company,business
The historian wrote a comprehensive book on ancient civilizations,history
The veterinarian treated a variety of animals in her clinic,veterinary medicine
The politician delivered a stirring speech at the rally,politics
The mountaineer conquered the highest peak in the world,mountaineering
The pharmacist dispensed medication to patients,pharmacy
The biologist studied a rare species in the Amazon rainforest,biology
The conductor directed a symphony orchestra,music
The lawyer argued a compelling case in court,law
The geologist explored the Earth's geological formations,geology
The chef received a Michelin star for his restaurant,culinary arts
The teacher mentored young students in science,education
The musician composed a symphony that moved audiences,music composition
The author signed copies of her latest book at a bookstore,literature
The firefighter trained tirelessly for emergency situations,public service
The astronaut conducted experiments in microgravity,space exploration
The artist's sculptures adorned public spaces,art
The doctor volunteered in a remote medical clinic,medicine
The engineer designed a bridge that withstood earthquakes,engineering
The environmentalist organized a tree-planting initiative,environmentalism
The actor portrayed a historical figure in a biopic,entertainment
The journalist interviewed world leaders for a documentary,journalism
The entrepreneur pitched a startup idea to investors,business
The police officer patrolled the streets to maintain safety,law enforcement
The humanitarian organization distributed food to the needy,humanitarianism
The archaeologist documented ancient ruins in a desert,archaeology
The pilot flew a cargo plane to deliver relief supplies,aviation
The gardener cultivated rare and exotic flowers,horticulture
The referee enforced the rules of the game impartially,sports officiating
The economist predicted an economic downturn,economics
The filmmaker edited footage for a gripping documentary,filmmaking
The researcher presented findings at a scientific conference,scientific research
The judge presided over a high-stakes legal battle,law
The inventor received a patent for a life-saving device,innovation
The therapist provided counseling to troubled individuals,psychology
The singer recorded a chart-topping album in the studio,music
The professor inspired students with his lectures,academia
The coach motivated athletes to reach their full potential,sports coaching
The designer showcased a collection at a fashion show,fashion
The CEO strategized for the company's expansion,business
The historian unearthed a trove of historical documents,history
The veterinarian performed surgery on injured animals,veterinary medicine
The politician advocated for healthcare reform,politics
The mountaineer faced extreme weather conditions,mountaineering
The pharmacist dispensed prescription medications,pharmacy
The biologist conducted field research in Antarctica,biology
The conductor led a mesmerizing orchestra performance,music
The lawyer defended a client in a high-profile trial,law
The geologist studied volcanic eruptions,geology
The chef experimented with fusion cuisine,culinary arts
The teacher encouraged creativity in her students,education
The musician collaborated with other artists,music
The author wrote a thought-provoking essay,literature
The firefighter responded to an emergency call,public service
The astronaut conducted experiments on the ISS,space exploration
The artist's exhibit drew crowds at the gallery,art
The doctor provided care in a remote village,medicine
The engineer improved a critical infrastructure,engineering
The environmentalist campaigned for clean energy,environmentalism
The actor rehearsed for an upcoming play,entertainment
